{
    "model": "ecapa",
    "nsc_part": "pt3",
    "num_trials_total": 10130,
    "num_trials_scored": 10130,
    "num_trials_missing_embeddings": 0,
    "EER": 0.08004933968186378,
    "EER_threshold": 0.2691883444786072,
    "accuracy": 0.9200394866732478,
    "FPR": 0.08009868421052632,
    "FNR": 0.07975308641975308,
    "TPR": 0.9202469135802469,
    "num_mispredicted_pairs": 810
}